<?xml version="1.0" encoding="UTF-8"?><layout version="12" mode="1" orientation="vertical"><tabpage name="MQ==" scalef="0.0" scalet="1.0" ><control name="ZmFkZXIx" x="352" y="141" w="200" h="50" color="red" scalef="0.0" scalet="1.0" type="faderh" response="absolute" inverted="false" centered="false" ></control><control name="ZmFkZXIz" x="309" y="324" w="200" h="50" color="red" scalef="0.0" scalet="1.0" type="faderh" response="absolute" inverted="false" centered="false" ></control><control name="ZmFkZXIy" x="349" y="233" w="200" h="50" color="red" scalef="0.0" scalet="1.0" type="faderh" response="absolute" inverted="false" centered="false" ></control></tabpage></layout>